id,HTML_URL,Name_of_image,tag
1,/uploads/Billy_puppy.PNG,test,test
3,https://media.discordapp.net/attachments/597445991699841056/965911868197703700/IMG_2164.PNG?width=361&height=641,testname,dog
4,https://cdn.discordapp.com/attachments/597445991699841056/798257099842650202/unknown.png,upload,dog
5,https://cdn.discordapp.com/attachments/965971053534933035/968070575840960522/image0.jpg,Billy_xmas,dog
19,https://tenor.com/view/hacker-pepe-meme-gif-23535916,hackerfrog,hack
20,https://media.gq.com/photos/55828bf3e52bc4b477a97e54/master/w_1600,Tarly,Tarly
21,https://tenor.com/view/ree-pepe-triggered-angry-ahhhh-gif-13627544,reee,reee
22,https://cdn.discordapp.com/attachments/597445991699841056/924694057064751134/59857797273__56F26E59-9879-45B8-B0B1-7BAF6F1772A3.JPG,clarksetup,setup
23,https://cdn.discordapp.com/attachments/597445991699841056/968465565263994941/EA57A2E6-7E52-4C60-BCA1-41A18A405829.jpg,bigger_dog,horse
24,https://www.youtube.com/watch?v=ykesDO3uCWI,toxic_clark,toxic
25,https://getonstream.com/wp-content/uploads/2021/06/Pogchamp.png,pog,pog
26,https://open.spotify.com/track/6WaogiItGdUTm490XN4QKJ?si=64ff760d84784815,songm8,music
27,https://open.spotify.com/track/49OMJ1prsRA7ZYgrAjz70c,cool_song,hazza
28,https://open.spotify.com/track/5BckPAYcKEJuYs1eV1BHHe,abba_chance,abba
29,https://tenor.com/view/yes-gif-23999135,max-yes,gifs
30,https://cdn.discordapp.com/attachments/597445991699841056/968548713272336505/IMG_3637.jpg,max_wants_to_play,dog
31,https://media.discordapp.net/attachments/597445991699841056/968797320030326794/96604710-4EA7-465F-811A-EA3FDE464A1A.jpg?width=737&height=553,test123,dog
